Date,"Advertiser ID","Advertiser Name","Campaign ID","Campaign Name","Order ID","Order Name","Creative ID","Creative Name","Creative Preview URL",Impressions,Clicks,"25% Viewed","50% Viewed","75% Viewed","100% Viewed","Media Cost","Data Cost","Client Cost"
2016-04-28,9528,"Potter & Anderson Jewelers-WMBD",3518,"Potter & Anderson Jewelers-WMBD-Video-Apr-June16",6007,"Potter & Anderson Jewelers-WMBD-Video-Apr-June16",8805,"P&A 15s-Potter & Anderson-WMBD",https://platform.yashi.com/advertiser/creatives/preview/28e6d6214a59339c15b7fde36f6b2a3faa19130c5d000d260e3e3c080009f896,753,1,671,652,633,605,5.7983,1.4219,18.825
2016-04-28,9515,"Boulder City Chamber of Commerce-KLAS",3502,"Boulder City Chamber of Commerce-KLAS-Video-Apr-May16",5959,"Boulder City Chamber of Commerce-KLAS-Video-Apr-May16",8731,Boulder-City-Spring-Jamboree,https://platform.yashi.com/advertiser/creatives/preview/c8a0b09fecbe2584eb69636f2c5cc9468d2762a7615ede740ccf2df4ef20ffad,1908,0,1749,1705,1619,1500,15.4610,2.2352,47.7
2016-04-28,9523,"Comfort Zone One Hour AC-KMID",3513,"Comfort Zone One Hour AC-KMID-Video-Apr16-Mar17",6000,"Comfort Zone One Hour AC-KMID-Video-Apr16-Mar17",8787,"Comfort Zone-KMID-404791_1200Kbps_480p",https://platform.yashi.com/advertiser/creatives/preview/df6be17f821e17598d38a112912f42e0c623095dd6ced2e571fbf9a615509e9e,327,0,282,294,265,263,2.4925,0.7652,8.175
2016-04-28,9523,"Comfort Zone One Hour AC-KMID",3513,"Comfort Zone One Hour AC-KMID-Video-Apr16-Mar17",6000,"Comfort Zone One Hour AC-KMID-Video-Apr16-Mar17",8786,"Comfort Zone-KMID-404790-One-Hour-Spring_2000Kbps_720p",https://platform.yashi.com/advertiser/creatives/preview/82ea2061b509694274aed7e9b24a6894619a0312ad30efd530785ab3a6e7c23f,308,0,285,285,254,266,2.3585,0.7128,7.7
2016-04-28,9523,"Comfort Zone One Hour AC-KMID",3513,"Comfort Zone One Hour AC-KMID-Video-Apr16-Mar17",6000,"Comfort Zone One Hour AC-KMID-Video-Apr16-Mar17",8785,"Comfort Zone-KMID-404789-One-Hour-AC-Replace_2000Kbps_720p",https://platform.yashi.com/advertiser/creatives/preview/de94d503b7f1f24e797d15adb858f4f2b5055f89d539a1aae62690ebd36925ca,325,0,288,272,264,254,2.4343,0.7285,8.125
2016-04-28,9518,"Roberts Communication-B2B-WROC",3507,"Roberts Communication-B2B-WROC-Video-Apr-June16",5988,"Roberts Communication-Residential-WROC-Video-FingerLakes-Apr-June16",8768,RGE_Conveyor_15,https://platform.yashi.com/advertiser/creatives/preview/176f8a78d850793fbfa4fbc4e7dd53a35b80a1ecc0a1feba4e8629452e4991e7,69,0,48,49,36,41,0.7418,0.0000,1.38
2016-04-28,9518,"Roberts Communication-B2B-WROC",3507,"Roberts Communication-B2B-WROC-Video-Apr-June16",5988,"Roberts Communication-Residential-WROC-Video-FingerLakes-Apr-June16",8767,NYSEG_Conveyor_15,https://platform.yashi.com/advertiser/creatives/preview/8500bf912ae10d72e7e6debf37e268267ff254eddbd35b7b0829d917f04c75e1,40,0,30,34,32,44,0.4885,0.0000,0.8
2016-04-28,9518,"Roberts Communication-B2B-WROC",3507,"Roberts Communication-B2B-WROC-Video-Apr-June16",5980,"Roberts Communication-B2B-WROC-Video-Finger Lakes-Apr-June16",8752,RGE_Conveyor_15,https://platform.yashi.com/advertiser/creatives/preview/59d92ae1dfa9d7a3373467cb71d7338dfead671e8430e191191ef0a96a70b8d0,149,0,144,137,129,131,1.0935,0.2993,2.98
2016-04-28,9518,"Roberts Communication-B2B-WROC",3507,"Roberts Communication-B2B-WROC-Video-Apr-June16",5980,"Roberts Communication-B2B-WROC-Video-Finger Lakes-Apr-June16",8751,NYSEG_Conveyor_15,https://platform.yashi.com/advertiser/creatives/preview/57aea80e4225332e6d2f59fd9d30352c2bb26f253267da84f53baa23947e359e,154,0,152,139,143,131,1.1707,0.3225,3.08
2016-04-28,9518,"Roberts Communication-B2B-WROC",3507,"Roberts Communication-B2B-WROC-Video-Apr-June16",5979,"Roberts Communication-B2B-WROC-Video-Westchester-Apr-June16",8750,RGE_Conveyor_15,https://platform.yashi.com/advertiser/creatives/preview/c89469f1b6ecd1c0509ef34818a4f5e0c09de2b670079c27228b115270b22d92,134,0,132,131,128,125,1.1446,0.2884,2.68
2016-04-28,9518,"Roberts Communication-B2B-WROC",3507,"Roberts Communication-B2B-WROC-Video-Apr-June16",5979,"Roberts Communication-B2B-WROC-Video-Westchester-Apr-June16",8749,NYSEG_Conveyor_15,https://platform.yashi.com/advertiser/creatives/preview/99c344a228f013667b6bfba0fc9cd5239efa3224d55e60817059a69053f59b7f,162,0,138,146,131,135,1.2445,0.3379,3.24
2016-04-28,9518,"Roberts Communication-B2B-WROC",3507,"Roberts Communication-B2B-WROC-Video-Apr-June16",5977,"Roberts Communication-B2B-WROC-Video-Sullivan County-Apr-June16",8746,RGE_Conveyor_15,https://platform.yashi.com/advertiser/creatives/preview/92375ae6bb58bdab67056ed2b79bc807571df75a96bd9ab8d03fa0239b8096b6,74,0,70,64,66,65,0.5960,0.1494,1.48
2016-04-28,9518,"Roberts Communication-B2B-WROC",3507,"Roberts Communication-B2B-WROC-Video-Apr-June16",5977,"Roberts Communication-B2B-WROC-Video-Sullivan County-Apr-June16",8745,NYSEG_Conveyor_15,https://platform.yashi.com/advertiser/creatives/preview/c2cdd9fe40ff6287f3ff0dda6fc8b400edb81eb83e959f7868b4a3d3ab9ea4de,86,0,81,79,72,73,0.6657,0.1757,1.72
2016-04-28,9518,"Roberts Communication-B2B-WROC",3507,"Roberts Communication-B2B-WROC-Video-Apr-June16",5975,"Roberts Communication-B2B-WROC-Video-Elmira-Apr-June16",8743,RGE_Conveyor_15,https://platform.yashi.com/advertiser/creatives/preview/7b84251d7c7389c048ecb02127b53a3b1bdd120521853a4aa4af6b4b8aa834a5,59,0,58,52,48,45,0.4503,0.1149,1.18
2016-04-28,9518,"Roberts Communication-B2B-WROC",3507,"Roberts Communication-B2B-WROC-Video-Apr-June16",5975,"Roberts Communication-B2B-WROC-Video-Elmira-Apr-June16",8742,NYSEG_Conveyor_15,https://platform.yashi.com/advertiser/creatives/preview/4106ea298b4a7046fc5113a257bd146ca5a1721acf9c0e2417013cc5e5fdbc94,62,0,72,64,63,53,0.4677,0.1299,1.24
2016-04-28,9518,"Roberts Communication-B2B-WROC",3507,"Roberts Communication-B2B-WROC-Video-Apr-June16",5973,"Roberts Communication-B2B-WROC-Video-Binghamton-Apr-June16",8741,RGE_Conveyor_15,https://platform.yashi.com/advertiser/creatives/preview/bb0c03028b0eb01341e12f6d307fd2bf31125d45fe3d36fa72931fabbe58fa13,64,0,59,54,59,59,0.5080,0.1195,1.28
2016-04-28,9518,"Roberts Communication-B2B-WROC",3507,"Roberts Communication-B2B-WROC-Video-Apr-June16",5973,"Roberts Communication-B2B-WROC-Video-Binghamton-Apr-June16",8740,NYSEG_Conveyor_15,https://platform.yashi.com/advertiser/creatives/preview/51185296a5928caaa5067df8ba47ef4ce7bf923b561f44fb08fc14510318703e,70,0,60,65,58,52,0.5373,0.1258,1.4
2016-04-28,9518,"Roberts Communication-B2B-WROC",3507,"Roberts Communication-B2B-WROC-Video-Apr-June16",5972,"Roberts Communication-B2B-WROC-Video-Rochester-Apr-June16",8739,RGE_Conveyor_15,https://platform.yashi.com/advertiser/creatives/preview/b936e2718eba8fa518522884fe5daa2b5ed439a7f5094229fce3cdd82f21b37d,225,0,214,191,184,186,1.6426,0.4583,4.5
2016-04-28,9518,"Roberts Communication-B2B-WROC",3507,"Roberts Communication-B2B-WROC-Video-Apr-June16",5972,"Roberts Communication-B2B-WROC-Video-Rochester-Apr-June16",8738,NYSEG_Conveyor_15,https://platform.yashi.com/advertiser/creatives/preview/cf5063277263bdcdb8af0494be5ec3cae9bc127badf471fbdb12717b831a4d5e,207,0,192,188,197,173,1.6719,0.4782,4.14
2016-04-28,9521,"KSNF House-KSNF/KODE",3515,"KODE House Campaign",6003,"KODE House April 26-May 22 ",8792,KODE_EMERGENCY_15,https://platform.yashi.com/advertiser/creatives/preview/653cf61f41ab8ee19309fd5b73ab79b189ca1c0c3261a18a1a43737697f2fbb5,1451,0,1327,1285,1228,1183,10.4865,1.9789,23.9415
2016-04-28,9521,"KSNF House-KSNF/KODE",3516,"KSNF House Campaign",6004,"April - May 2016",8796,KSN_SAFEROOM_BOOM_15,https://platform.yashi.com/advertiser/creatives/preview/9abfc5a561185a2f374c3e609c8437d87ea4666d78a183e9eb811a84feb37660,636,0,607,580,560,579,3.9981,0.6372,10.494
2016-04-28,9519,"Roberts Communication-Residential-WROC",3509,"Roberts Communication-Residential-WROC-Video-Apr-June16",5987,"Roberts Communication-Residential-WROC-Video-FingerLakes-Apr-June16",8766,RGE_CFLBulb_15,https://platform.yashi.com/advertiser/creatives/preview/b825bfe6aca774e33bb06465ad1db63a1c1a0a9e1549cf0dbea8a5f307eec0dc,21,0,20,19,18,17,0.1790,0.0412,0.42
2016-04-28,9519,"Roberts Communication-Residential-WROC",3509,"Roberts Communication-Residential-WROC-Video-Apr-June16",5987,"Roberts Communication-Residential-WROC-Video-FingerLakes-Apr-June16",8765,NYSEG_CFLBulb_15,https://platform.yashi.com/advertiser/creatives/preview/5bb9a947875dad2ce561a7afd1eb8862dc37d7ef36cac948ec1e5f19f8816b03,29,0,28,25,27,24,0.2603,0.0590,0.58
2016-04-28,9519,"Roberts Communication-Residential-WROC",3509,"Roberts Communication-Residential-WROC-Video-Apr-June16",5986,"Roberts Communication-Residential-WROC-Video-Plattsburgh-Apr-June16",8763,NYSEG_CFLBulb_15,https://platform.yashi.com/advertiser/creatives/preview/494325274b415c83b39fa4493f53f9b42d22705e5717313ec2e9eedf6d5d5b82,227,0,239,205,192,186,1.7512,0.4311,4.54
2016-04-28,9519,"Roberts Communication-Residential-WROC",3509,"Roberts Communication-Residential-WROC-Video-Apr-June16",5986,"Roberts Communication-Residential-WROC-Video-Plattsburgh-Apr-June16",8764,RGE_CFLBulb_15,https://platform.yashi.com/advertiser/creatives/preview/8cb4bddc7b5cc23cfdadb8792ad4ed6a89cdda059c74baa315e4731fbafcdf8a,207,0,191,182,175,159,1.6065,0.3925,4.14
2016-04-28,9519,"Roberts Communication-Residential-WROC",3509,"Roberts Communication-Residential-WROC-Video-Apr-June16",5985,"Roberts Communication-Residential-WROC-Video-Westchester-Apr-June16",8762,RGE_CFLBulb_15,https://platform.yashi.com/advertiser/creatives/preview/ea29ba39f3ab65389117ad00915035c25bc3d57112edf4aac9c24c9efa621c63,85,0,94,93,82,87,0.8275,0.1876,1.7
2016-04-28,9519,"Roberts Communication-Residential-WROC",3509,"Roberts Communication-Residential-WROC-Video-Apr-June16",5985,"Roberts Communication-Residential-WROC-Video-Westchester-Apr-June16",8761,NYSEG_CFLBulb_15,https://platform.yashi.com/advertiser/creatives/preview/5fe32334f047e8afda9840611ff05a5eef3c405a46ff784763904b0dc4aa73c8,92,0,88,77,81,88,0.9078,0.1850,1.84
2016-04-28,9519,"Roberts Communication-Residential-WROC",3509,"Roberts Communication-Residential-WROC-Video-Apr-June16",5984,"Roberts Communication-Residential-WROC-Video-Sullivan-Apr-June16",8760,RGE_CFLBulb_15,https://platform.yashi.com/advertiser/creatives/preview/5c7fe636db4731174f0c710c98ac7ee243e4fe853a87200d60f689348d925953,5,0,5,4,5,6,0.0338,0.0078,0.1
2016-04-28,9519,"Roberts Communication-Residential-WROC",3509,"Roberts Communication-Residential-WROC-Video-Apr-June16",5984,"Roberts Communication-Residential-WROC-Video-Sullivan-Apr-June16",8759,NYSEG_CFLBulb_15,https://platform.yashi.com/advertiser/creatives/preview/2528bb5a80cba77fe0c3a656955664fab3a07bcc89103abfe26e9a5574f7c6d7,8,0,7,7,8,6,0.0622,0.0148,0.16
2016-04-28,9519,"Roberts Communication-Residential-WROC",3509,"Roberts Communication-Residential-WROC-Video-Apr-June16",5983,"Roberts Communication-Residential-WROC-Video-Elmira-Apr-June16",8758,RGE_CFLBulb_15,https://platform.yashi.com/advertiser/creatives/preview/d055a6540b55bc346028d0ff93f37745f6cf1a3d0d9cfbbe437011955c2394f1,30,0,21,12,13,20,0.3263,0.0000,0.6
2016-04-28,9519,"Roberts Communication-Residential-WROC",3509,"Roberts Communication-Residential-WROC-Video-Apr-June16",5983,"Roberts Communication-Residential-WROC-Video-Elmira-Apr-June16",8757,NYSEG_CFLBulb_15,https://platform.yashi.com/advertiser/creatives/preview/3ce190a7e05cdd61215984a6e4b6cabd3e1c53587c1655e0cccfe6dda42cbb9e,26,0,25,19,19,20,0.3379,0.0000,0.52
2016-04-28,9519,"Roberts Communication-Residential-WROC",3509,"Roberts Communication-Residential-WROC-Video-Apr-June16",5982,"Roberts Communication-Residential-WROC-Video-Binghamton-Apr-June16",8756,RGE_CFLBulb_15,https://platform.yashi.com/advertiser/creatives/preview/282c8484875274a1ebc54589f291f0c96a6c7dffde6b5d573be0a152ee3a6bd5,53,0,51,47,42,42,0.4561,0.1098,1.06
2016-04-28,9519,"Roberts Communication-Residential-WROC",3509,"Roberts Communication-Residential-WROC-Video-Apr-June16",5982,"Roberts Communication-Residential-WROC-Video-Binghamton-Apr-June16",8755,NYSEG_CFLBulb_15,https://platform.yashi.com/advertiser/creatives/preview/a5d01e60ee4b3a9db32f9c9076de565d7e85e32fb64c5ace760deedacf076965,46,0,49,46,40,36,0.3643,0.0913,0.92
2016-04-28,9519,"Roberts Communication-Residential-WROC",3509,"Roberts Communication-Residential-WROC-Video-Apr-June16",5981,"Roberts Communication-Residential-WROC-Video-Rochester-Apr-June16",8754,RGE_CFLBulb_15,https://platform.yashi.com/advertiser/creatives/preview/edbd5e6b5aae3f6c6d5b21f02ecc7305c9a4850dd448a9bc0f7b6a63875e7b44,131,0,136,121,122,126,1.0115,0.2714,2.62
2016-04-28,9519,"Roberts Communication-Residential-WROC",3509,"Roberts Communication-Residential-WROC-Video-Apr-June16",5981,"Roberts Communication-Residential-WROC-Video-Rochester-Apr-June16",8753,NYSEG_CFLBulb_15,https://platform.yashi.com/advertiser/creatives/preview/03e7281b8a712c3739002360d74c9c96b196934b323e330d7f6c9242942fa28b,109,0,113,114,101,101,0.8358,0.2085,2.18
2016-04-28,9511,"Kern County Mental Health-KGET",3498,"Kern County Mental Health-KGET-Video-Apr-June16",5943,"Kern County Mental Health-KGET-Video-Apr-June16",8704,"KSMN-1.m4v-Kern County_KGET",https://platform.yashi.com/advertiser/creatives/preview/3a3427657837654633861f94785a0eaf45dffcd120a5cc12b0ad6f1361735302,286,0,256,231,226,204,2.2044,0.3450,10.01
2016-04-28,9511,"Kern County Mental Health-KGET",3498,"Kern County Mental Health-KGET-Video-Apr-June16",5943,"Kern County Mental Health-KGET-Video-Apr-June16",8702,"KSMN-2.m4v-Kern County_KGET",https://platform.yashi.com/advertiser/creatives/preview/4b52a97c4b5ec2aa92ff9de7272d96fd4c1f6e5d081a4ed4158cb603abf787ca,291,0,257,246,237,215,2.3111,0.3537,10.185
2016-04-28,9511,"Kern County Mental Health-KGET",3498,"Kern County Mental Health-KGET-Video-Apr-June16",5943,"Kern County Mental Health-KGET-Video-Apr-June16",8701,"KSMN-3.m4v-Kern County_KGET",https://platform.yashi.com/advertiser/creatives/preview/e966899a73846cb275da8a7f629e94676d680973d0e3a5f8942b071e6338139c,268,1,245,231,220,197,2.0127,0.3219,9.38
2016-04-28,9509,"Fenton Mazda-KAMR",3497,"Fenton Mazda-KAMR_Video_Apr-Oct16",5941,"Fenton Mazda-KAMR_Video_Apr-Oct16",8699,Fenton-Mazda_web_big,https://platform.yashi.com/advertiser/creatives/preview/08feaab1588183a600b2c68b55e7e90a531983b5074f3fd424ba4967778cefed,328,0,300,270,264,242,2.3591,0.6689,9.84
2016-04-28,9507,"Crain Automotive-KNWA",3494,"Crain Automotive-KNWA-Video-Apr-June16",5938,"Crain Automotive-KNWA-Video-Apr-June16",8694,"Ft Smith URL creative",https://platform.yashi.com/advertiser/creatives/preview/ff9584fddffc2f8ed3b6963c0ec39080061edf96f4b02325cb03e00d00f3d040,539,0,455,388,364,333,4.0513,0.8490,11.45375
2016-04-28,9507,"Crain Automotive-KNWA",3494,"Crain Automotive-KNWA-Video-Apr-June16",5938,"Crain Automotive-KNWA-Video-Apr-June16",8693,"Bentonville URL creative",https://platform.yashi.com/advertiser/creatives/preview/0e488fbf06c24da35ebb6070792e2273d4c4fc30a56744cde844123a18a427eb,512,0,430,377,336,314,3.7563,0.7987,10.88
2016-04-28,9507,"Crain Automotive-KNWA",3494,"Crain Automotive-KNWA-Video-Apr-June16",5938,"Crain Automotive-KNWA-Video-Apr-June16",8692,"Fayetteville URL creative",https://platform.yashi.com/advertiser/creatives/preview/5ca705b7772068d93dd8a2d6acad79c96c2f1c4afc727e2891aa8adce2c15e37,552,0,485,429,383,325,4.0494,0.8792,11.73
2016-04-28,9455,"Glidewell Distribution-KNWA",3414,"April 11-July 11 2016",5827,"April-July Mobile",8484,"Glidewell Distribution Video 4.11.16",https://platform.yashi.com/advertiser/creatives/preview/bd60a5119ecddbd2a491d1072d96c313ff9b1adf0bb46de5c313709d67b99164,779,0,366,350,330,321,8.3388,0.0000,19.475
2016-04-28,9455,"Glidewell Distribution-KNWA",3414,"April 11-July 11 2016",5825,"April-July Desktop",8483,"Glidewell Distribution Video 4.11.16",https://platform.yashi.com/advertiser/creatives/preview/e9345b0d9db8a2e400569f98f401da60761b3c0d079804b27c7cd58b9b3eafa0,1029,0,974,928,892,825,8.7871,2.0425,25.725
2016-04-28,9449,"Hamilton Nissan-WHAG",3401,April-Dec2016,5807,"35% Radius Targeting",8460,"Hamilton Nissan Being a Mom",https://platform.yashi.com/advertiser/creatives/preview/b8cb84e399964fe42106366f82323bb657b73e58f8c2f30f37c4cf6cac721971,2153,1,1968,1818,1665,1488,15.5198,3.2299,53.825
2016-04-28,9449,"Hamilton Nissan-WHAG",3401,April-Dec2016,5805,"Zip Flight 80%",8458,"Hamilton Nissan Being a Mom",https://platform.yashi.com/advertiser/creatives/preview/702276d7741df52290a614bf33c15fc3bfb77b08c8caec8da8615b8d04fcbe74,2001,2,1780,1630,1515,1328,15.7333,2.9205,50.025
2016-04-28,9449,"Hamilton Nissan-WHAG",3401,April-Dec2016,5916,Females_Martinsburg_Cumberland,8666,"Hamilton Nissan Being a Mom",https://platform.yashi.com/advertiser/creatives/preview/a9659e8ce7a023881cdc1c028a0170a1b092506fad370daaacd08b6a9f97a31c,3352,6,2272,2009,1838,1707,26.1219,0.0000,0
2016-04-28,9447,"Findlay Chevrolet-KLAS",3390,April-June2016,5789,"April 2016",8436,"Findlay Chevrolet-KLAS",https://platform.yashi.com/advertiser/creatives/preview/967c0bc76274c1f1341585fa7a9d292736f395790140a1b992451c0d649e9bd5,23718,5,22227,21877,21119,20497,184.2390,36.7969,592.95
2016-04-28,9436,Chick-Fil-A-WFXR,3366,Chick-Fil-A-WFXR-Martinville-Video-Apr-Dec16,5741,Chick-Fil-A-WFXR-Martinville-Video-Apr-Dec16,8358,Chick-Fil-A-WFXR-RoanokeSpickySaladSneakyCow_22,https://platform.yashi.com/advertiser/creatives/preview/d3761b796ccbd9930c3a0d5271441e35552cefc94837b0e1f3b6e6a736d3b75f,153,1,104,100,97,94,1.5476,0.0000,0
2016-04-28,9436,Chick-Fil-A-WFXR,3366,Chick-Fil-A-WFXR-Martinville-Video-Apr-Dec16,5741,Chick-Fil-A-WFXR-Martinville-Video-Apr-Dec16,8357,Chick-Fil-A-WFXR-Roanoke0SpickySaladEquations_12,https://platform.yashi.com/advertiser/creatives/preview/34b5613c25e50d3b5c249617fd5c741b3c5f3852551877c6fdfeef6794f40429,149,4,116,111,110,109,1.5266,0.0000,0
2016-04-28,9436,Chick-Fil-A-WFXR,3365,Chick-Fil-A-WFXR-Danville-Video-Apr-Dec16,5736,Chick-Fil-A-WFXR-Danville-Video-Apr-Dec16,8356,Chick-Fil-A-WFXR-RoanokeSpickySaladSneakyCow_22,https://platform.yashi.com/advertiser/creatives/preview/7bb33d37273664267f47421d3c449691f38962b846de63a8d7e736e87955ca8b,211,0,154,134,141,114,2.0615,0.0000,0
2016-04-28,9436,Chick-Fil-A-WFXR,3365,Chick-Fil-A-WFXR-Danville-Video-Apr-Dec16,5736,Chick-Fil-A-WFXR-Danville-Video-Apr-Dec16,8355,Chick-Fil-A-WFXR-Roanoke0SpickySaladEquations_12,https://platform.yashi.com/advertiser/creatives/preview/601058ec1a41d158fbef213edb6cab208b6b691afe64e308718e5fc082c7be44,222,0,167,148,133,135,2.0830,0.0000,0
2016-04-28,9436,Chick-Fil-A-WFXR,3367,Chick-Fil-A-WFXR-Salem-Video-Apr-Dec16,5742,Chick-Fil-A-WFXR-Salem-Video-Apr-Dec16,8360,Chick-Fil-A-WFXR-RoanokeSpickySaladSneakyCow_22,https://platform.yashi.com/advertiser/creatives/preview/bdabcbaeced8e31eea85506a908af42085bc964c5d97c6cbe0bff9c7af4a6086,147,2,98,94,89,91,1.3877,0.0000,0
2016-04-28,9436,Chick-Fil-A-WFXR,3367,Chick-Fil-A-WFXR-Salem-Video-Apr-Dec16,5742,Chick-Fil-A-WFXR-Salem-Video-Apr-Dec16,8359,Chick-Fil-A-WFXR-Roanoke0SpickySaladEquations_12,https://platform.yashi.com/advertiser/creatives/preview/a20597e0b15548cfdbbb1e74b622d1077aaaca4170233521bd937769336a4267,175,1,115,103,107,103,1.5674,0.0000,0
2016-04-28,9412,UPCAP-WJMN,3270,"April 2016",5597,"April 2016 Video",8206,"Upcapp DiabetesPath",https://platform.yashi.com/advertiser/creatives/preview/4852684f651c609e763736847a70dfaf9ff34687e7e3f0803d7671d89be2d4c3,206,0,196,169,143,121,1.5871,0.4253,10.3
2016-04-28,9412,UPCAP-WJMN,3270,"April 2016",5597,"April 2016 Video",8205,"Upcap Elderabuse",https://platform.yashi.com/advertiser/creatives/preview/5e2945ac32b6305d196948ac2cfbaa0e9542d9ccd98adfff36148d13a59f4b26,221,0,203,186,156,130,1.7013,0.4713,11.05
2016-04-28,9394,"Everett Buick GMC of Bentonville-KNWA",3231,"Everett Buick GMC of Bentonville-KNWA-Video-Mar-June16",5546,"Everett Buick GMC of Bentonville-KNWA-Video-Mar-June16",8095,Video-EverettBuickGMCofBentonville-EVB-22,https://platform.yashi.com/advertiser/creatives/preview/ca57630afb607976744d93e90804ff517b27c4d3cd50fa7e3dab365cf98161fe,949,0,862,806,719,631,7.4441,1.5000,20.16625
2016-04-28,9389,"A-1 Restoration-WTVO",3227,A1Restoration-WTVO-WeatherTriggering-Video-Mar-Aug16,5544,A1Restoration-WTVO-WeatherTriggering-Video-Mar-Aug16,8093,A1Restoration-WTVO-HelpisontheWay10,https://platform.yashi.com/advertiser/creatives/preview/2a653e5b745188197f22af0f78c73ad83ce4678149f82e7d353dbc4155355a4f,818,3,543,504,510,483,7.5058,0.0000,0
2016-04-28,9385,"York Furniture-WROC",3218,YorkFurniture-WROC-Video-Mar-Dec16,5535,YorkFurniture-WROC-Video-Mar-Dec16,8665,16889_isci_1500_YorkFurniture-Bassett15-1015-WEB,https://platform.yashi.com/advertiser/creatives/preview/46815e812ffe63e04733642b9ae6ddbbcc20d577f261c114b3f248dabec03708,952,0,1033,945,908,862,7.4818,2.1795,23.8
2016-04-28,9197,Flaherty's-WROC,2807,Video-Flahertys-Feb-May16,5038,Video-Flahertys-Feb-May16,7204,Video-Flahertys-R8181-15Jan2016,https://platform.yashi.com/advertiser/creatives/preview/b423df174ba38a1c3b1fe25a088e50e3d6c0ce12fa166459e1a887fb6655bd3d,556,1,484,486,452,426,4.2118,0.5721,12.232
2016-04-28,9196,"Bill Gray's-WROC",2806,Video-BillGrays-Feb-May16-CollegeMales,5037,Video-BillGrays-Feb-May16-CollegeMales,7203,Video-BillGrays_13475,https://platform.yashi.com/advertiser/creatives/preview/c4905987d1c206e60fd905755a45b87c24320e11098e66adf67badac0c6fe277,550,0,519,496,504,449,4.1040,1.0361,13.75
2016-04-28,9196,"Bill Gray's-WROC",2799,"Video-BillGrays-Feb-Dec16-Women+Kids ",5030,Video-BillGrays-Feb-Dec16-Women+Kids,7190,Video-BillGrays_GreatPlates-0116,https://platform.yashi.com/advertiser/creatives/preview/e25ce25d84f5ac5ca4d607934e92bac745480d953c0faf04ac18e4edbb0f2843,584,0,595,576,548,518,4.5200,1.0015,14.6
2016-04-28,9204,"Foreman Watson Holtrey-WEHT",3407,"Foreman Watson Holtrey-WEHT-April16",5811,April2016,8467,"foreman FWH Unrivaled",https://platform.yashi.com/advertiser/creatives/preview/ced21fee660548fec1e79d1654e4ba1c95dd62524086441d5b1832f29d4f1a2d,302,0,268,253,237,224,2.2395,0.6492,6.493
2016-04-28,9204,"Foreman Watson Holtrey-WEHT",3407,"Foreman Watson Holtrey-WEHT-April16",5811,April2016,8466,"Foreman - Travis Holtry Passion",https://platform.yashi.com/advertiser/creatives/preview/fb1c9fac9e0681230634c9d1cbfe70dca6948925182ee43983d6c01f97a44fc9,263,0,220,217,189,174,1.9409,0.5786,5.6545
2016-04-28,9204,"Foreman Watson Holtrey-WEHT",3407,"Foreman Watson Holtrey-WEHT-April16",5811,April2016,8465,"Foreman Negligence",https://platform.yashi.com/advertiser/creatives/preview/4c1349605a5b5632c9333ead8ad9e2dcc5485a5e88c908e865053641267421e2,243,1,207,192,189,187,1.8308,0.4981,5.2245
2016-04-28,9376,"Papa Murphys Springfield-KOLR",3358,"Papa Murphys Springfield-KOLR-Video-Apr-Jun16",5718,"Papa Murphys Springfield-KOLR-Video-Pizza Lover-Apr-Jun16",8340,"Papa Murphys Springfield-KOLR-Video-ZWOG4515H_1",https://platform.yashi.com/advertiser/creatives/preview/a3fde0896d4e6a0aed342d0e3d76d57b964a3ecfece5f2f2dcc9f371bff4439e,3923,2,3783,3671,3507,3544,26.6570,5.8132,0
2016-04-28,9373,"Gulf World Marine Park-WMBB",3190,"Gulf World Marine Park-WMBB-Mar16-17",5499,"Gulf World Marine Park-WMBB-Mar16-17",7986,Video-GulfWorldMarinePark-15secComboDropFrame2997,https://platform.yashi.com/advertiser/creatives/preview/e145b6dee17c72362108c01b23630eb90ce490fbd53403bf925829ebf23d2f17,1110,0,965,946,871,845,8.5615,2.1002,0
2016-04-28,9017,"Boot Hill Casino-KAMR",2998,"Pre-roll_Boot Hill Casino-KAMR_March-April16",5255,"Boot Hill Casino March-April",8123,"Boot Hill Casino Amarillo Bus99 3.30.16",https://platform.yashi.com/advertiser/creatives/preview/fba2b755b50ac0eafb4e75bdef98dc091e03ea15f6b46f81ae1cb2ca4cb2121e,404,0,335,308,289,247,3.2427,0.7981,0
2016-04-28,9363,"FL Neuro Pain and Spine-WMBB",3177,"Personal Injury March2016-March2017",5481,"Personal Injury_Mobile Only",7962,"FL Neuro Pain and Spine-WMBB - Personal Injury 3.18.16",https://platform.yashi.com/advertiser/creatives/preview/3ed6af8f9baff625d3faf47dc0bfc4d673bb3bc8ab34eeaf766223972312059e,531,2,295,260,250,238,7.4650,0.0000,8.7615
2016-04-28,9363,"FL Neuro Pain and Spine-WMBB",3179,"Hemorrhoids  March2016-March2017",5485,"Hemorrhoids_Mobile Only",7965,"FL Neuro Pain and Spine-WMBB - Hemmoroids 3.18.16",https://platform.yashi.com/advertiser/creatives/preview/5c0dc6d520e2f2ead64cd4e7c2dbb9cce1d70a55bd24785c5c8f6e9f2987c57b,675,1,368,350,341,362,10.8722,0.0000,11.1375
2016-04-28,9363,"FL Neuro Pain and Spine-WMBB",3176,"Primary March2015-March2016",5480,"Primary Care Mobile Only",7960,"FL Neuro Pain and Spine-WMBB",https://platform.yashi.com/advertiser/creatives/preview/fd3e602f5e56359659f0fe1395552c648be5288383a39d4b52dc911fb5b875a2,527,1,271,253,245,242,7.3436,0.0000,8.6955
2016-04-28,9239,"Majestic Realty-KGET",2855,"Majestic Realty-KGET_Feb16-Feb17",5091,"Majestic Realty-KGET_Behavioral",7268,"Majestic Realty-KGET",https://platform.yashi.com/advertiser/creatives/preview/a1aa12e28f493888a18cfb53b1a76dc5fd97eb4cacb0574202c41a6be62f4072,590,0,537,523,501,494,4.9148,1.3174,23.6
2016-04-28,9318,"Sabbeth Law-WFFF",3114,March14-Sept09_2016,5397,Geo,7818,"Sabbeth Law - justice",https://platform.yashi.com/advertiser/creatives/preview/348c4780c7be730e05f656ffa73a405b5b4032215a35c9078f09568932ca8cc8,221,6,164,155,134,122,2.3951,0.0000,6.63
2016-04-28,9318,"Sabbeth Law-WFFF",3114,March14-Sept09_2016,5397,Geo,7817,"sabbeth Law - Truth",https://platform.yashi.com/advertiser/creatives/preview/1f0811ddf49705df7070cc9d6da933b2b9e3a5b9eacaaf2dcce062936dc40626,258,4,184,170,164,160,2.4654,0.0000,7.74
2016-04-28,9261,"Apollonia Dental-KGET",2939,ApolloniaDental-KGET-Mar16-Feb17,5185,ApolloniaDental-KGET-Mar16-Feb17,7430,Video-ApolloniaDental_invisalign_8-15,https://platform.yashi.com/advertiser/creatives/preview/52502d68dd5e6ac39527936ab1afc59a546402f3c4cc6f694387c29f1a94ffd0,566,0,515,494,491,461,4.5954,1.2322,22.64
2016-04-28,9065,"McDonald Eye-Nunneley Group-KNWA",2535,"McDonald Eye-Jan2016-Jan2017",4621,"McDonald Eye_Contextual_Video",6660,"McDonald Eye-HankBroyles",https://platform.yashi.com/advertiser/creatives/preview/dae20d4134d7d0fefea2d8abbb749abcf29312a95309624a9810b1472f02a463,93,2,72,75,66,59,0.5777,0.0000,0
2016-04-28,9065,"McDonald Eye-Nunneley Group-KNWA",2535,"McDonald Eye-Jan2016-Jan2017",4621,"McDonald Eye_Contextual_Video",6659,"McDonald Eye-AndrewYoung 1.14.16",https://platform.yashi.com/advertiser/creatives/preview/9f66e19720e25c876948e50f903353b0eaf9d6603bfea5e58c9ccdf950c4ddcc,83,2,63,53,50,49,0.5296,0.0000,0
2016-04-28,9065,"McDonald Eye-Nunneley Group-KNWA",2535,"McDonald Eye-Jan2016-Jan2017",4620,McDonaldEye_Behavioral_Video,6658,"McDonald Eye-AndrewYoung 1.14.16",https://platform.yashi.com/advertiser/creatives/preview/2773199bb8702f0671747def4ef3bfcdfe2f1352f64c3fe272644755ae6a92b5,469,0,403,376,357,298,3.2954,1.0384,0
2016-04-28,9065,"McDonald Eye-Nunneley Group-KNWA",2535,"McDonald Eye-Jan2016-Jan2017",4620,McDonaldEye_Behavioral_Video,6656,"McDonald Eye-HankBroyles",https://platform.yashi.com/advertiser/creatives/preview/09a1ece37d4a68c3dba55ddfe586d7470a70b2963ec5a66b0510478980432148,442,0,381,347,316,264,3.0235,0.9436,0
2016-04-28,9067,"Sutton Linder-Nunneley Group-KNWA ",2538,"Sutton Linder_Jan2016-Jan2017",4624,"Sutton Linder_Behavioral_Video",6666,"Sutton Linder_RayWhite_1.14.16",https://platform.yashi.com/advertiser/creatives/preview/3932ea540ae2f3ceb869d56c39684e8a6a0caa045fc171bfc167cb0eecd78054,354,1,343,319,267,227,2.8084,0.8472,0
2016-04-28,9067,"Sutton Linder-Nunneley Group-KNWA ",2538,"Sutton Linder_Jan2016-Jan2017",4624,"Sutton Linder_Behavioral_Video",6665,"Sutton Linder_Jessica-Jennifer_1.14.16",https://platform.yashi.com/advertiser/creatives/preview/ed72627d479d5d60766859ace3a703e26bc25f287c91ce2a15eb48920b507d9a,379,1,362,302,278,212,2.9501,0.8863,0
2016-04-28,9067,"Sutton Linder-Nunneley Group-KNWA ",2538,"Sutton Linder_Jan2016-Jan2017",4626,"Sutton Linder_Contextual_Video",6668,"Sutton Linder_RayWhite_1.14.16",https://platform.yashi.com/advertiser/creatives/preview/c0f013d1a8925f0547907932196d374a5a37fced2f884a1724e4c89557e040d4,104,3,86,81,76,64,0.6814,0.0000,0
2016-04-28,9067,"Sutton Linder-Nunneley Group-KNWA ",2538,"Sutton Linder_Jan2016-Jan2017",4626,"Sutton Linder_Contextual_Video",6667,"Sutton Linder_Jessica-Jennifer_1.14.16",https://platform.yashi.com/advertiser/creatives/preview/9a96f4286fdeb1f3db9e73c75cc9bc71b643098174ec329d6860f54f2e48e0a2,83,3,77,69,64,51,0.5616,0.0000,0
2016-04-28,9066,"Kirk Eye-Nunnely Group-KNWA",2536,"Kirk Eye_Jan2016-Jan2017",4622,KirkEye_Behavioral_Video,6661,"Kirk Eye_Maryanne_1.14.16",https://platform.yashi.com/advertiser/creatives/preview/f9b817a3858c769dc286dc371e75b9ff76218820f52b0ddff443ea9e00aa93cb,252,0,232,205,187,157,1.9555,0.5721,0
2016-04-28,9066,"Kirk Eye-Nunnely Group-KNWA",2536,"Kirk Eye_Jan2016-Jan2017",4622,KirkEye_Behavioral_Video,6662,"Kirk Eye_Nadia_1.14.16",https://platform.yashi.com/advertiser/creatives/preview/4138c3e36fdb7ef71b15a61a85f51d313f8da3a28f6be97ddcb531667af69ecc,249,0,243,187,183,160,1.8890,0.5627,0
2016-04-28,9066,"Kirk Eye-Nunnely Group-KNWA",2536,"Kirk Eye_Jan2016-Jan2017",4623,"Kirk Eye_Contextual_Video",6663,"Kirk Eye_Maryanne_1.14.16",https://platform.yashi.com/advertiser/creatives/preview/7650123e420ed5c7186c3f36078f8627aa9b82408256fdfef1bc224334e72664,32,3,32,28,22,25,0.2387,0.0000,0
2016-04-28,9066,"Kirk Eye-Nunnely Group-KNWA",2536,"Kirk Eye_Jan2016-Jan2017",4623,"Kirk Eye_Contextual_Video",6664,"Kirk Eye_Nadia_1.14.16",https://platform.yashi.com/advertiser/creatives/preview/07a3f3364a4c954e80210bd591554241e7604cb226a9941af132596f0699feaa,37,2,37,25,24,27,0.2929,0.0000,0
2016-04-28,9246,"Hayashi Midtown-KLBK",2885,Video-HayashiMidtown-Feb-Apr16,5131,Video-HayashiMidtown-Feb-Apr16,7331,Video-HayashiMidtown_HM_021516,https://platform.yashi.com/advertiser/creatives/preview/48f2bb2770a02023410b58d7e8d1af71a4622f8748efacea878668387e23379c,528,0,485,449,433,413,4.3633,0.8516,13.2
2016-04-28,9180,"Dora Moss Interiors-KLBK",2773,Video-DoraMoss-Feb-Apr16,4992,Video-DoraMoss-Feb-Apr16,7144,Video-DoraMoss-020216,https://platform.yashi.com/advertiser/creatives/preview/dd9e500de1b02c4d98c3e68ecfd7ad0d0d1022633e92ac3b269a8320c503570f,1053,1,902,888,843,782,7.1691,2.4973,0
2016-04-28,9234,"Student First-WJMN",2852,"Student First-WJMN_Feb-April16",5088,"Student First_WJMN_Contextual_Feb-April",7264,"Student First-WJMN",https://platform.yashi.com/advertiser/creatives/preview/b50b0887bac30cd80c63c474f7db38c4f9fc754f1239a18d41135d13324ea30f,72,0,75,67,67,32,0.5175,0.0000,3.6
2016-04-28,9234,"Student First-WJMN",2852,"Student First-WJMN_Feb-April16",5089,"Student First_WJMN_Behavioral_Feb-April",7265,"Student First-WJMN",https://platform.yashi.com/advertiser/creatives/preview/cdda889519fb777496f3f6c3581d08e05bc150d64ddbd6e74d78397d6d63334b,79,0,81,81,76,71,0.5825,0.1517,3.95
2016-04-28,9186,"WFXR Sweeps Q1 2016-WFXR",3504,"FOX Thursday 4.28.16",5967,"Fox Thursday 4.28.16",8770,"WFXR Thur0428_30",https://platform.yashi.com/advertiser/creatives/preview/48559fb6fb431c97ecf29a718c5ed9929a7d7f950938876820342a3dfd9177eb,16440,5,15145,13680,12222,10047,125.0530,27.4545,443.88
2016-04-28,9061,"Kenneth Hiller-WROC",2506,"Kenneth Hiller-WROC_Jan-June2016",4582,"Kenneth Hiller_Video_JanJune2016",6619,"Kenneth Hiller 1.13.16",https://platform.yashi.com/advertiser/creatives/preview/ec57bf4eb3b18c4a503de473382bd4ded2fecd96e76a6bdecb2f81e1fe89821b,425,0,413,431,424,383,3.4681,0.9359,0
2016-04-28,9159,"Race Brothers Farm and Home-KODE",2752,"Race Brothers Farm and Home-KODE-Feb-Dec16",4951,"Race Brothers Farm and Home-KODE-Feb-Dec16",7096,Video-RaceBros-RACEBROSWrnglrVOD_768K,https://platform.yashi.com/advertiser/creatives/preview/9a8f92577a0fcaa72b6bd9c2dfbdb6076f67799e4e4aade8f2cba4f26bc2c7a9,73,0,81,70,68,57,0.5704,0.1714,0
2016-04-28,9159,"Race Brothers Farm and Home-KODE",2752,"Race Brothers Farm and Home-KODE-Feb-Dec16",4951,"Race Brothers Farm and Home-KODE-Feb-Dec16",7095,Video-RaceBros-RACEBROSStihlVOD_768K,https://platform.yashi.com/advertiser/creatives/preview/498ad62ab845821803825e716c109fa958c73237829cdd76a76224bfdd3d3ba3,56,0,65,51,54,47,0.4082,0.1201,0
2016-04-28,9159,"Race Brothers Farm and Home-KODE",2752,"Race Brothers Farm and Home-KODE-Feb-Dec16",4951,"Race Brothers Farm and Home-KODE-Feb-Dec16",7094,Video-RaceBros-RACEBROSCubCadVOD_768K,https://platform.yashi.com/advertiser/creatives/preview/b40e2c1ea487a1fa4357c07c99b6d3f14fded529aaeb27b59a4cab96722d8f0f,71,0,71,63,55,53,0.5149,0.1611,0
2016-04-28,9116,"Tejas Motors-KLBK",3389,"Video-Tejas Motors-April-June2016",5788,"Tejas Motors_April-June2016",8435,"Tejas Motors April",https://platform.yashi.com/advertiser/creatives/preview/9c46c0942c9d2b63ad7cad318529696c617af3539823763f26ec2353cf5421e2,1305,2,1077,982,910,759,9.9955,2.5726,32.625
2016-04-28,9012,ZiptoHome.com-WCIA-TACTIVE,3392,ZiptoHome.com-WCIA-Apr-May16,5793,ZiptoHome.com-WCIA-Apr-May16_Agent,8658,ziptohome_agent,https://platform.yashi.com/advertiser/creatives/preview/9e7b33e4b58e7cd59798e636416ba7303f346e4efcfa2c9f47791e41270f467c,987,5,889,876,841,774,8.3591,1.9354,0
2016-04-28,9012,ZiptoHome.com-WCIA-TACTIVE,3392,ZiptoHome.com-WCIA-Apr-May16,5846,ZiptoHome.com-WCIA-Apr-May16_Buyer,8509,Pre-roll_ZiptoHome_Glenn12-2-15-2,https://platform.yashi.com/advertiser/creatives/preview/6a97c30f6dd7bbb71b427767b8923197f71d05b40c1d7727873709cf1e8599b4,1022,6,910,898,842,794,8.1665,1.9358,0
2016-04-28,8740,RBTL,3387,"Dirty Dancing_April-May2016",5785,"Dirty Dancing",8429,"RBTL Dirty Dancing",https://platform.yashi.com/advertiser/creatives/preview/f2e2cbd1a0f664cfa488e77a2364a528bb942dc112128a87a5ca08021c936570,25386,4,23879,23873,23224,22656,175.7069,45.8017,634.65
2016-04-28,9099,"Sullivan Parkhill-WCIA",2601,"Sullivan Parkhill-WCIA_Jan-Dec2016",4715,SullivanParkhill-WCIA_Jan-Dec2016_Video,8159,Video-SullivanParkhill-Mar-Apr2-06,https://platform.yashi.com/advertiser/creatives/preview/7e0cf13711d8469cc91ba7f8c4e01a00c3fbed9decc99eab4d2bb18e4d5c4c94,318,0,296,289,269,254,2.3178,0.3863,11.13
2016-04-28,8741,"Physician's Choice Wellness",2685,"Physicians Choice Wellness_Tactive_WCIA_Feb-May16",4849,Video-PCW-Feb-May16,6979,Video-PCW-Feb-May162,https://platform.yashi.com/advertiser/creatives/preview/9f9a5392c6e69d011dff8ce5ceb007e32d3e55247c3aa6a8b38c4ab8ac2a6161,256,0,232,242,220,220,1.8340,0.3718,0
2016-04-28,8741,"Physician's Choice Wellness",2685,"Physicians Choice Wellness_Tactive_WCIA_Feb-May16",4849,Video-PCW-Feb-May16,6978,Video-PCW-Feb-May16,https://platform.yashi.com/advertiser/creatives/preview/9b13668feb2fe2c982283128c870260d9d8e6c841c929be41955350ae6d83717,257,0,244,249,241,236,1.8576,0.3929,0
2016-04-28,9068,"Roller Weight Loss-NunneleyGroup-KNWA",2516,"Roller Weight Loss_Jan2016-Jan2017",4596,RollerWeightloss_ContextualVideo,6633,"Roller Weightloss_Michelle Posey_1.14.16",https://platform.yashi.com/advertiser/creatives/preview/8742b25148ebbed74e86775cc3159696a17e28287debb51cbf006d50cc09e51b,72,0,61,53,41,43,0.4433,0.0000,0
2016-04-28,9068,"Roller Weight Loss-NunneleyGroup-KNWA",2516,"Roller Weight Loss_Jan2016-Jan2017",4596,RollerWeightloss_ContextualVideo,6632,"Roller Weightloss_JohnSampson_1.14.16",https://platform.yashi.com/advertiser/creatives/preview/fd87b3c06e5f8f5ddfdc604c88a2a6e28e89372336e2c34cf5079fb8e71159d7,78,0,63,50,38,45,0.5269,0.0000,0
2016-04-28,9068,"Roller Weight Loss-NunneleyGroup-KNWA",2516,"Roller Weight Loss_Jan2016-Jan2017",4599,"Roller Weight Loss_Behavioral_Video",6637,"Roller Weightloss_Michelle Posey_1.14.16",https://platform.yashi.com/advertiser/creatives/preview/5f8700c8767c12f3763d0fba66efe8db6c722d8be26c64e904af61591250f81d,231,0,202,180,165,150,1.5182,0.3130,0
2016-04-28,9068,"Roller Weight Loss-NunneleyGroup-KNWA",2516,"Roller Weight Loss_Jan2016-Jan2017",4599,"Roller Weight Loss_Behavioral_Video",6635,"Roller Weightloss_JohnSampson_1.14.16",https://platform.yashi.com/advertiser/creatives/preview/2208eb58147160aac6deb44a0d1dd8a6c1d3e4b7cbbcc2f3e43b214ce57df2dc,238,0,211,184,163,142,1.6101,0.3203,0
2016-04-28,9056,"CW Suter-KCAU",2493,"CW Suter-KCAU_Recruitment_Jan-Dec2016",4550,"CW Suter Recruitment_Jan-April",6600,"CW Suter Recruitment",https://platform.yashi.com/advertiser/creatives/preview/0e6d18a1fc72513c2922a24ddc7efc9d3e3de7b97c8400908faa21057ecaa744,82,0,75,64,65,60,0.5943,0.1656,0
2016-04-28,9056,"CW Suter-KCAU",2495,"CW Suter-KCAU_Residential_Jan-Dec16",4551,"CW Suter Residential_Jan-April",6601,"CW Suter Residential",https://platform.yashi.com/advertiser/creatives/preview/212e564c430c6f02ed5aae2a4e43fa99df523a908639b9f5ae7d1f4803a3daab,55,0,47,53,47,43,0.4016,0.1268,0
2016-04-28,9005,"Ammo Can Man-KNWA",2359,"Ammo Can Man-KNWA_Dec15-Dec16",4367,"Ammo Can Man_KNWA_Dec-Dec16_Video",8121,"Ammo Can Man MRE and Sleep System 3.30.16",https://platform.yashi.com/advertiser/creatives/preview/ce324160d613002ca105de6890c82d1e085fb9770a6803c8c30797614259ff1c,157,0,193,138,133,137,1.4791,0.3342,0
2016-04-28,9005,"Ammo Can Man-KNWA",3008,AmmoCanMan_Top100Domains_March-Dec16,5276,AmmoCanMan_Top100Domains_March-Dec16,7630,"Ammo Can Man American Eagle",https://platform.yashi.com/advertiser/creatives/preview/1008935c38a35d10fbc90db749bb1cddd6cca3e70531af8a273405c1c347b140,798,0,720,652,611,775,6.7008,1.6684,0
2016-04-28,9005,"Ammo Can Man-KNWA",3008,AmmoCanMan_Top100Domains_March-Dec16,5276,AmmoCanMan_Top100Domains_March-Dec16,7629,"Ammo Can Man 1.12.16",https://platform.yashi.com/advertiser/creatives/preview/79a697d14ad8153102c3002d21d7d916fe2475c8c37b563da8c60de404b3aed5,770,0,691,643,604,744,6.7158,1.5817,0
2016-04-28,8574,"Ivy Insurance User",1683,"Ivy Insurance-KAMR-Video-Aug15-July-16",3423,"Ivy Insurance-KAMR-Video-Aug15-July16",4765,"Ivy Insurance 081815",https://platform.yashi.com/advertiser/creatives/preview/87dd9245404a85b4778c757641ddebb9a63c402edf930654c7029c9c313e12d5,918,0,869,829,799,743,5.7771,2.0395,0
2016-04-28,8876,"Hometown Choice",3464,HTCDG-Dixons-April16,5905,Dixons_April2016,8640,"Dixon's April",https://platform.yashi.com/advertiser/creatives/preview/e3a2fadbb5be80fbc47d273bb393440bf836b987eeaf061dbbe9bbd5933b3a26,1178,8,980,882,820,713,10.0363,0.0000,25.327
2016-04-28,8876,"Hometown Choice",3456,HTCDG-GreenRiverAppliance-April16,5894,"Green River_April 2016",8717,HometownChoiceGreenRiverApplianceSpot,https://platform.yashi.com/advertiser/creatives/preview/11ed4ee9853ac4647040012fcb5dabac7a7e60945ffadeb3357be18c0ca8c028,1178,9,926,833,772,704,9.7026,0.0000,25.327
2016-04-28,8876,"Hometown Choice",3465,HTCDG-Fischer'sFurniture-April16,5908,Fischers_April2016,8643,"Fischer Tell City April",https://platform.yashi.com/advertiser/creatives/preview/9856fd3cc642822d3c5648b71d6b6a39ffcbe9ffa5e3f8dd9eec0d4b279a9332,1192,3,893,798,711,690,9.9460,0.0000,25.628
2016-04-28,8876,"Hometown Choice",3457,HTCDG-BaldwinAppliance_April16,5897,40%_Baldwin_April2016,8632,"Baldwin Appliance",https://platform.yashi.com/advertiser/creatives/preview/f7f54a264c0da7d6616cac620c22ccabd54be9991f0166db97cce313203e3b62,1019,5,738,655,601,518,8.2708,0.0000,21.9085
2016-04-28,8876,"Hometown Choice",3457,HTCDG-BaldwinAppliance_April16,5895,60%_Baldwin_April2016,8631,"Baldwin Appliance",https://platform.yashi.com/advertiser/creatives/preview/c010845c18f07ef9cc6fe21a9f7c87a6e0603549d5afb7b0259eb021c4212753,1396,3,1108,955,900,827,11.9238,0.0000,30.014
2016-04-28,8876,"Hometown Choice",3461,HTCDG-WaynesAppliance-April16,5901,Waynes_April2016,8637,"Waynes Appliance Center April",https://platform.yashi.com/advertiser/creatives/preview/e1c0af06bfb5fcb3a58594229446ff1e463f39dfc391fbf6fd4948d3bda49ebb,1198,10,967,890,831,760,10.0429,0.0000,25.757
2016-04-28,8334,"Presley Watkins",1531,KAMR_TexasPlainsFederalCreditUnion_Video_July15-June16,5280,March-June16,7637,Tulia,https://platform.yashi.com/advertiser/creatives/preview/aea04c84e4b6e42b2d5ef16e73a034e5815f965cca4394ecf45bfe1254e7b655,66,0,62,56,60,52,0.4266,0.1246,0
2016-04-28,8334,"Presley Watkins",1531,KAMR_TexasPlainsFederalCreditUnion_Video_July15-June16,5280,March-June16,7636,Floydada,https://platform.yashi.com/advertiser/creatives/preview/96ee6ab9dea52b1360ed2277f0cb7eefc87010a0227ede2bac331a696c88524d,69,0,65,58,53,55,0.4430,0.1293,0
2016-04-28,8334,"Presley Watkins",1531,KAMR_TexasPlainsFederalCreditUnion_Video_July15-June16,5280,March-June16,7635,Crosbyton,https://platform.yashi.com/advertiser/creatives/preview/431de62c7c63dd2170d47b220180ecb3664b68d658abb60917a8bbf6c1d7eb04,66,0,62,61,58,51,0.4445,0.1283,0
2016-04-28,8334,"Presley Watkins",1531,KAMR_TexasPlainsFederalCreditUnion_Video_July15-June16,5280,March-June16,7634,Amarillo,https://platform.yashi.com/advertiser/creatives/preview/7da4c750536903cfb5773b762d522bd34c59f93ed67c6055caa3a2b385284b32,78,0,76,70,70,63,0.5266,0.1504,0
2016-04-28,8760,"Goodcare Health Services",1904,"Goodcare Health Services_KAMR_Oct2015-Sept2016",5278,"March-Sept 2016",7632,"GHS Mar-Sept",https://platform.yashi.com/advertiser/creatives/preview/8fd2a86a892541057e213555495630048a5c0a5f2d8441e53ae0771b91e2c2e9,546,0,470,426,393,337,4.0898,0.8980,0
2016-04-28,8720,"NWTX Spine Center-KAMR",1841,"NWTX Spine Center-KAMR-Sept15-Aug16",5279,March-Aug16,7633,"NWTX Spine Center",https://platform.yashi.com/advertiser/creatives/preview/ad93a7395ecf6f892fd22583717c68ca47cd9b6991707a2f62521cdeb7a08df0,379,1,336,300,267,230,2.9570,0.5562,0
